<?xml version="1.0" encoding="UTF-8"?>
<entity-mappings version="1.0"
	xmlns="http://java.sun.com/xml/ns/persistence/orm"
	xmlns:xsi="http://www.w3.org/2001/XMLSchema-instance"
	xsi:schemaLocation="http://java.sun.com/xml/ns/persistence/orm http://java.sun.com/xml/ns/persistence/orm_1_0.xsd">

	
	<!-- To-Do Item 1.1: Define JPQL query.
   		TODO:
   		- Define a valid JPQL query to fetch all Complaint details where the dateOfIncidence is between the two given dates
  	 -->
  	 <named-query name="getCustomerByComplaintDates">
		<query>Select c from ComplaintEntity c where c.dateOfIncidence between  ?1 and ?2 </query>
	</named-query>
  	 
  	 <!--
  	 This JPQL query fetches the Complaint details where the customerName and the complaintTypeId is matching to the given values
  	 -->
  	 <named-query name="getCustomerByComplaintType">
		<query>Select c from ComplaintEntity c where c.customerName = ?1 and c.complaintTypeId = ?2 </query>
	</named-query>
</entity-mappings>